﻿Număr exemplare,Număr specii,Județ,Categorie,,,,,,,,
342,50,Caraş-Severin,Gradina Zoologica,,0,,severin,0,,gradina zoo,0
1852,72,Galaţi,Acvariu,,1,,galati,1,,acvari,1
0,0,Maramureş,Gradina Zoologica,,0,,maramures,2,,centru reabilitare,2
559,84,Mureş,Gradina Zoologica,,0,,mures,3,,vivariu,3
296,49,Timiş,Gradina Zoologica,,0,,timis,4,,,
129,20,Neamţ,Gradina Zoologica,,0,,neamt,5,,,
467,78,Prahova,Gradina Zoologica,,0,,prahova,6,,,
94,3,Braşov,Centru de reabilitare,,2,,brasov,7,,,
250,60,Sibiu,Gradina Zoologica,,0,,sibiu,8,,,
512,37,Sălaj,Centru de reabilitare,,2,,salaj,9,,,
1844,62,Bacău,Vivariu,,3,,bacau,10,,,
308,49,Brăila,Gradina Zoologica,,0,,braila,11,,,
353,71,Braşov,Gradina Zoologica,,0,,brasov,7,,,
3,2,Constanţa,Delfinariu,,4,,constanta,12,,,
7,1,Harghita,Centru de reabilitare,,2,,harghita,13,,,
590,72,Vaslui,Gradina Zoologica,,0,,vaslui,14,,,
1551,163,Constanţa,Acvariu,,1,,constanta,12,,,
0,0,Olt,Gradina Zoologica,,0,,olt,15,,,
265,28,Galaţi,Gradina Zoologica,,0,,galati,1,,,
102,19,Suceava,Gradina Zoologica,,0,,suceava,16,,,
214,40,Dolj,Gradina Zoologica,,0,,dolj,17,,,
0,0,Mehedinţi,Acvariu,,1,,mehedinti,18,,,
0,0,Covasna,Centru de reabilitare,,2,,covasna,19,,,
535,41,Prahova,Acvariu,,1,,prahova,6,,,
474,66,Vâlcea,Gradina Zoologica,,0,,valcea,20,,,
1774,165,Dâmboviţa,Gradina Zoologica,,0,,dambovita,21,,,
1766,66,Argeş,Gradina Zoologica,,0,,arges,22,,,
112,25,Constanţa,Gradina Zoologica,,0,,constanta,12,,,
442,71,Constanţa,Gradina Zoologica,,0,,constanta,12,,,
6,4,Vrancea,Centru de reabilitare,,2,,vrancea,23,,,
13,8,Mureş,Centru de reabilitare,,2,,mures,3,,,
0,0,Timiş,Gradina Zoologica,,0,,timis,4,,,
705,152,Bihor,Gradina Zoologica,,0,,bihor,24,,,
0,0,Bacău,Gradina Zoologica,,0,,bacau,10,,,
1513,215,Bucureşti,Gradina Zoologica,,0,,bucuresti,25,,,
72,14,Hunedoara,Gradina Zoologica,,0,,hunedoara,26,,,
652,83,Suceava,Gradina Zoologica,,0,,suceava,16,,,
37,7,Cluj,Gradina Zoologica,,0,,cluj,27,,,
73,10,Neamţ,Gradina Zoologica,,0,,neamt,5,,,
371,34,Vrancea,Acvariu,,1,,vrancea,23,,,
1772,103,Călăraşi,Gradina Zoologica,,0,,calarai,28,,,
